order_id,dispatch_date,delivered_date,promised_date
O001,2025-02-02,2025-02-04,2025-02-04
O002,2025-02-02,2025-02-05,2025-02-04
O003,2025-02-03,2025-02-06,2025-02-06
O004,2025-02-03,2025-02-08,2025-02-07
O005,2025-02-04,2025-02-06,2025-02-06
O006,2025-02-05,2025-02-06,2025-02-07
O007,2025-02-05,2025-02-09,2025-02-08
O008,2025-02-06,2025-02-10,2025-02-09
O009,2025-02-06,2025-02-08,2025-02-08
O010,2025-02-07,2025-02-09,2025-02-10
O011,2025-02-07,2025-02-12,2025-02-11
O012,2025-02-07,2025-02-10,2025-02-10
