experience_id,language,summary,responsibilities
hoa-sen,en,"Purchase-order coordination, inventory management and reporting using Oracle ERP.","Monitored suppliers and purchasing orders for domestic and imported goods.
Tracked inventory in Oracle ERP and coordinated with warehouse and production teams.
Prepared operational reports to improve stock and distribution visibility."
hoa-sen,vi,"Điều phối đơn mua hàng, quản lý tồn kho và lập báo cáo trên Oracle ERP.","Theo dõi nhà cung cấp và đơn mua hàng trong nước, nhập khẩu.
Quản lý dữ liệu tồn kho trên Oracle ERP, phối hợp với kho và nhà máy.
Lập báo cáo vận hành nhằm hỗ trợ việc theo dõi hàng tồn và phân phối."
hoa-sen,zh-Hant,透過 Oracle ERP 協調採購訂單、管理庫存並製作營運報表。,"追蹤國內及進口商品的供應商與採購訂單。
使用 Oracle ERP 管理庫存資料，並與倉庫及工廠合作。
製作營運報表，提升庫存及配送資訊的可視性。"
hoa-sen,zh-Hans,通过 Oracle ERP 协调采购订单、管理库存并制作运营报表。,"跟踪国内及进口商品的供应商与采购订单。
使用 Oracle ERP 管理库存数据，并与仓库及工厂合作。
制作运营报表，提升库存及配送信息的可视化。"
kodai,en,Coordinated international shipments and customer-facing freight operations.,"Prepared freight quotations and coordinated with carriers and overseas agents.
Supported refrigerated cargo schedules, shipping documentation and customs workflows.
Worked with documentation and operations teams to resolve shipment issues."
kodai,vi,Điều phối hàng hóa quốc tế và các nghiệp vụ giao nhận với khách hàng.,"Lập báo giá vận chuyển, liên hệ hãng tàu và đại lý quốc tế.
Hỗ trợ lịch trình hàng đông lạnh, chứng từ vận tải và thủ tục hải quan.
Phối hợp với các bộ phận chứng từ và vận hành để xử lý sự cố."
kodai,zh-Hant,協調國際貨運與客戶相關的貨運業務。,"製作運費報價，與船公司及海外代理聯繫。
協助冷鏈貨運排程、運輸文件及報關流程。
與文件及營運部門合作處理運輸問題。"
kodai,zh-Hans,协调国际货运与客户相关的货运业务。,"制作运费报价，与船公司及海外代理联络。
协助冷链货运排期、运输文件和报关流程。
与单证及运营团队合作处理运输问题。"
vietlog,en,"Supported bookings, shipment documents and customs-related processes.","Prepared invoices, packing lists, certificates of origin and shipping instructions.
Supported carrier selection, shipment booking and HS-code related tasks.
Coordinated with operational teams across freight-forwarding activities."
vietlog,vi,"Hỗ trợ đặt chỗ, chứng từ và các quy trình liên quan đến hải quan.","Chuẩn bị hóa đơn, phiếu đóng gói, C/O và hướng dẫn gửi hàng.
Hỗ trợ lựa chọn hãng vận chuyển, booking và các công việc liên quan mã HS.
Phối hợp với bộ phận vận hành trong nghiệp vụ giao nhận hàng hóa."
vietlog,zh-Hant,協助訂艙、運輸文件及報關相關作業。,"準備發票、裝箱單、原產地證明與運輸指示。
協助選擇承運商、安排訂艙及 HS Code 相關工作。
與營運團隊合作支援貨運承攬業務。"
vietlog,zh-Hans,协助订舱、运输单证及报关相关工作。,"准备发票、装箱单、原产地证明与运输指示。
协助选择承运商、安排订舱及 HS Code 相关工作。
与运营团队协作支持国际货运代理业务。"
