project_id,language,title,short_description,problem,approach,evidence
retail,en,Retail Sales Performance Dashboard,A Power BI dashboard focused on retail KPIs and store performance.,"Analyze revenue, average order value, store rankings and online delivery lead time.","Power BI visuals, DAX measures and interactive business reporting.",Based on coursework and ongoing dashboard development. Final outputs and screenshots must be reviewed before publication.
retail,vi,Dashboard Hiệu suất Bán lẻ,Dashboard Power BI tập trung vào KPI bán lẻ và hiệu suất từng cửa hàng.,"Phân tích doanh thu, giá trị đơn hàng trung bình, xếp hạng cửa hàng và thời gian giao hàng của kênh online.","Biểu đồ Power BI, công thức DAX và báo cáo tương tác.",Phát triển từ bài thực hành và dashboard đang xây dựng. Cần kiểm tra kết quả và ảnh trước khi công bố.
retail,zh-Hant,零售業績分析儀表板,以 Power BI 建立零售 KPI 與各門市績效儀表板。,分析營收、平均訂單金額、門市排名及線上訂單配送前置時間。,Power BI 視覺化、DAX 指標與互動式商業報表。,根據課堂練習與開發中的儀表板；對外公開前仍須審核數據及截圖。
retail,zh-Hans,零售业绩分析仪表板,使用 Power BI 建立零售 KPI 与各门店绩效仪表板。,分析营收、平均订单金额、门店排名及线上订单配送前置时间。,Power BI 可视化、DAX 指标与交互式商业报表。,基于课程练习和开发中的仪表板；公开前仍须审核数据和截图。
sql,en,SQL for Supply Chain Analytics,A transparent demo SQL project with a small synthetic order dataset.,"Calculate fulfillment lead time, late deliveries and order-level operational indicators.","SQL joins, case logic, grouping and window functions. Includes sample CSV and SQL files in this package.",A reproducible STARTER with synthetic data; not an actual employer performance analysis.
sql,vi,SQL cho Phân tích Chuỗi cung ứng,Dự án SQL minh họa với bộ dữ liệu đơn hàng giả lập quy mô nhỏ.,"Tính thời gian hoàn thành đơn hàng, giao trễ và các chỉ số vận hành.","SQL JOIN, CASE, GROUP BY và hàm cửa sổ. Gói tải xuống có dữ liệu CSV và mã SQL mẫu.","BẢN MẪU tái lập được trên dữ liệu giả lập, không phải phân tích hiệu suất doanh nghiệp thực."
sql,zh-Hant,供應鏈 SQL 分析,使用小型模擬訂單資料集進行可重現的 SQL 示範專案。,計算履約前置時間、延遲配送與訂單營運指標。,SQL JOIN、CASE、分組及視窗函數；壓縮檔內含 CSV 與 SQL 範例。,使用模擬資料的入門範例，並非真實企業績效分析。
sql,zh-Hans,供应链 SQL 分析,使用小型模拟订单数据集的可复现 SQL 示例项目。,计算订单履约时间、延迟配送和运营指标。,SQL JOIN、CASE、分组和窗口函数；压缩包内含 CSV 与 SQL 示例。,使用模拟数据的入门示例，并非真实企业绩效分析。
inventory,en,Inventory Optimization Case Study,"A proposed study of inventory segmentation, replenishment and stock availability.","Explore ABC classification, inventory turnover and reorder-point scenarios.",Excel/Python learning roadmap with public or simulated inventory data.,Planned project. Results and code will be added after completion.
inventory,vi,Nghiên cứu Tối ưu hóa Tồn kho,"Đề xuất nghiên cứu phân nhóm tồn kho, bổ sung hàng và rủi ro thiếu hàng.","Khảo sát phân loại ABC, vòng quay tồn kho và kịch bản điểm đặt hàng lại.",Lộ trình học Excel/Python với dữ liệu công khai hoặc mô phỏng.,Dự án trong kế hoạch; chưa có kết quả và mã nguồn hoàn chỉnh.
inventory,zh-Hant,庫存最佳化案例研究,規劃探討庫存分類、補貨及缺貨風險。,研究 ABC 分類、庫存周轉與再訂購點情境。,規劃使用 Excel/Python 搭配公開或模擬資料。,尚在規劃階段，完成後再新增成果及程式碼。
inventory,zh-Hans,库存优化案例研究,规划研究库存分类、补货与缺货风险。,研究 ABC 分类、库存周转和再订货点情景。,计划使用 Excel/Python 与公开或模拟数据。,项目尚处于规划阶段，完成后再添加成果和代码。
netflix,en,Netflix Dataset Exploration,Exploratory data-cleaning and visualization exercise with Python.,Inspect content distribution and changes across release years and content types.,"pandas cleaning, exploratory charts and explanatory annotations.",Coursework referenced in prior learning tasks. Repository and reviewed findings have not yet been published.
netflix,vi,Khám phá Dữ liệu Netflix,"Bài tập khám phá dữ liệu, làm sạch và trực quan hóa bằng Python.",Khám phá cơ cấu nội dung và thay đổi theo năm phát hành và loại nội dung.,"Làm sạch dữ liệu với pandas, vẽ biểu đồ EDA và chú giải.",Bài tập từng được thực hiện trong quá trình học; chưa công bố repository và kết quả được rà soát.
netflix,zh-Hant,Netflix 資料探索分析,運用 Python 進行資料清理、探索與視覺化的課堂練習。,觀察節目類型及不同發行年份的內容分布。,pandas 資料清理、EDA 圖表及結果註解。,既有學習作業；尚未公開完成審核的程式碼庫及分析成果。
netflix,zh-Hans,Netflix 数据探索分析,运用 Python 进行数据清理、探索与可视化的课程练习。,观察节目类型及不同发行年份的内容分布。,pandas 数据清理、EDA 图表及结果注释。,已有学习练习；尚未公开完成审核的代码仓库和分析成果。
